{
	"credit": "Made with Blockbench",
	"texture_size": [32, 32],
	"textures": {
		"0": "item/arm",
		"particle": "item/arm"
	},
	"elements": [
		{
			"from": [5, 0, 5],
			"to": [10, 12, 10],
			"faces": {
				"north": {"uv": [0, 0, 2.5, 6], "texture": "#0"},
				"east": {"uv": [2.5, 0, 5, 6], "texture": "#0"},
				"south": {"uv": [5, 0, 7.5, 6], "texture": "#0"},
				"west": {"uv": [0, 6, 2.5, 12], "texture": "#0"},
				"up": {"uv": [5, 8.5, 2.5, 6], "texture": "#0"},
				"down": {"uv": [7.5, 6, 5, 8.5], "texture": "#0"}
			}
		}
	],
	"display": {
		"thirdperson_righthand": {
			"rotation": [90, 0, 0],
			"translation": [0.5, -2.5, 7.75],
			"scale": [0.89, 1, 0.92]
		},
		"thirdperson_lefthand": {
			"rotation": [90, 0, 0],
			"translation": [-0.25, -2.5, 7.75],
			"scale": [0.89, 1, 0.92]
		},
		"firstperson_righthand": {
			"rotation": [138, -19, 18],
			"translation": [1, -4.25, -1.25],
			"scale": [0.85, 1, 0.88]
		},
		"firstperson_lefthand": {
			"rotation": [138, -19, 18],
			"translation": [1, -4.25, -1.25],
			"scale": [0.85, 1, 0.88]
		},
		"ground": {
			"rotation": [0, 0, 90],
			"translation": [-2.5, 0, 0]
		},
		"gui": {
			"rotation": [0, 0, 90],
			"translation": [-1.75, 0, 0]
		}
	}
}