{
	"credit": "Made with Blockbench",
	"texture_size": [64, 64],
	"textures": {
		"0": "item/sailcloth",
		"1": "block/oak_log",
		"2": "block/oak_planks",
		"particle": "item/sailcloth"
	},
	"elements": [
		{
			"from": [0, 4, 5],
			"to": [2, 16, 7],
			"rotation": {"angle": -22.5, "axis": "x", "origin": [0, 0, -2]},
			"faces": {
				"north": {"uv": [0, 0, 0.5, 3], "texture": "#2"},
				"east": {"uv": [0, 0, 0.5, 3], "texture": "#2"},
				"south": {"uv": [0, 0, 0.5, 3], "texture": "#2"},
				"west": {"uv": [0, 0, 0.5, 3], "texture": "#2"},
				"up": {"uv": [0, 0, 0.5, 0.5], "texture": "#1"},
				"down": {"uv": [0, 0, 0.5, 0.5], "texture": "#2"}
			}
		},
		{
			"from": [14, 4, 5],
			"to": [16, 16, 7],
			"rotation": {"angle": -22.5, "axis": "x", "origin": [0, 0, -2]},
			"faces": {
				"north": {"uv": [0, 0, 0.5, 3], "texture": "#2"},
				"east": {"uv": [0, 0, 0.5, 3], "texture": "#2"},
				"south": {"uv": [0, 0, 0.5, 3], "texture": "#2"},
				"west": {"uv": [0, 0, 0.5, 3], "texture": "#2"},
				"up": {"uv": [0, 0, 0.5, 0.5], "texture": "#1"},
				"down": {"uv": [0, 0, 0.5, 0.5], "texture": "#2"}
			}
		},
		{
			"from": [0, 8, 0],
			"to": [2, 10, 9],
			"rotation": {"angle": 22.5, "axis": "x", "origin": [0, 0, -2]},
			"faces": {
				"north": {"uv": [0, 0, 0.5, 0.5], "rotation": 180, "texture": "#2"},
				"east": {"uv": [0, 0, 0.5, 2.25], "rotation": 90, "texture": "#2"},
				"south": {"uv": [0, 0, 0.5, 0.5], "texture": "#2"},
				"west": {"uv": [0, 0, 0.5, 2.25], "rotation": 270, "texture": "#2"},
				"up": {"uv": [0, 0, 0.5, 2.25], "texture": "#2"},
				"down": {"uv": [0, 0, 0.5, 2.25], "rotation": 180, "texture": "#2"}
			}
		},
		{
			"from": [14, 8, 0],
			"to": [16, 10, 9],
			"rotation": {"angle": 22.5, "axis": "x", "origin": [0, 0, -2]},
			"faces": {
				"north": {"uv": [0, 0, 0.5, 0.5], "rotation": 180, "texture": "#2"},
				"east": {"uv": [0, 0, 0.5, 2.25], "rotation": 90, "texture": "#2"},
				"south": {"uv": [0, 0, 0.5, 0.5], "texture": "#2"},
				"west": {"uv": [0, 0, 0.5, 2.25], "rotation": 270, "texture": "#2"},
				"up": {"uv": [0, 0, 0.5, 2.25], "texture": "#2"},
				"down": {"uv": [0, 0, 0.5, 2.25], "rotation": 180, "texture": "#2"}
			}
		},
		{
			"from": [0, -2, 11],
			"to": [2, 0, 20],
			"rotation": {"angle": -22.5, "axis": "x", "origin": [0, 0, -2]},
			"faces": {
				"north": {"uv": [0, 0, 0.5, 0.5], "rotation": 180, "texture": "#2"},
				"east": {"uv": [0, 0, 0.5, 2.25], "rotation": 90, "texture": "#2"},
				"south": {"uv": [0, 0, 0.5, 0.5], "texture": "#2"},
				"west": {"uv": [0, 0, 0.5, 2.25], "rotation": 270, "texture": "#2"},
				"up": {"uv": [0, 0, 0.5, 2.25], "texture": "#2"},
				"down": {"uv": [0, 0, 0.5, 2.25], "rotation": 180, "texture": "#2"}
			}
		},
		{
			"from": [14, -2, 11],
			"to": [16, 0, 20],
			"rotation": {"angle": -22.5, "axis": "x", "origin": [0, 0, -2]},
			"faces": {
				"north": {"uv": [0, 0, 0.5, 0.5], "rotation": 180, "texture": "#2"},
				"east": {"uv": [0, 0, 0.5, 2.25], "rotation": 90, "texture": "#2"},
				"south": {"uv": [0, 0, 0.5, 0.5], "texture": "#2"},
				"west": {"uv": [0, 0, 0.5, 2.25], "rotation": 270, "texture": "#2"},
				"up": {"uv": [0, 0, 0.5, 2.25], "texture": "#2"},
				"down": {"uv": [0, 0, 0.5, 2.25], "rotation": 180, "texture": "#2"}
			}
		},
		{
			"from": [-8, 14, -1],
			"to": [8, 16, 1],
			"rotation": {"angle": 22.5, "axis": "y", "origin": [0, 0, -3]},
			"faces": {
				"north": {"uv": [0, 0, 4, 0.5], "texture": "#1"},
				"east": {"uv": [0, 0, 0.5, 0.5], "texture": "#1"},
				"south": {"uv": [0, 0, 4, 0.5], "texture": "#1"},
				"west": {"uv": [0, 0, 0.5, 0.5], "texture": "#1"},
				"up": {"uv": [0, 0, 4, 0.5], "texture": "#1"},
				"down": {"uv": [0, 0, 4, 0.5], "texture": "#1"}
			}
		},
		{
			"from": [0, 7, 18],
			"to": [16, 9, 20],
			"rotation": {"angle": 0, "axis": "y", "origin": [0, 0, -3]},
			"faces": {
				"north": {"uv": [0, 0, 4, 0.5], "texture": "#1"},
				"east": {"uv": [0, 0, 0.5, 0.5], "texture": "#1"},
				"south": {"uv": [0, 0, 4, 0.5], "texture": "#1"},
				"west": {"uv": [0, 0, 0.5, 0.5], "texture": "#1"},
				"up": {"uv": [0, 0, 4, 0.5], "texture": "#1"},
				"down": {"uv": [0, 0, 4, 0.5], "texture": "#1"}
			}
		},
		{
			"from": [7, 14, -7],
			"to": [23, 16, -5],
			"rotation": {"angle": -22.5, "axis": "y", "origin": [0, 0, -3]},
			"faces": {
				"north": {"uv": [0, 0, 4, 0.5], "texture": "#1"},
				"east": {"uv": [0, 0, 0.5, 0.5], "texture": "#1"},
				"south": {"uv": [0, 0, 4, 0.5], "texture": "#1"},
				"west": {"uv": [0, 0, 0.5, 0.5], "texture": "#1"},
				"up": {"uv": [0, 0, 4, 0.5], "texture": "#1"},
				"down": {"uv": [0, 0, 4, 0.5], "texture": "#1"}
			}
		},
		{
			"from": [-7, 16, -5],
			"to": [23, 16, 16],
			"rotation": {"angle": 22.5, "axis": "x", "origin": [0, 0, 0]},
			"faces": {
				"north": {"uv": [0, 0, 7.5, 0], "texture": "#0"},
				"east": {"uv": [0, 0, 5.25, 0], "texture": "#0"},
				"south": {"uv": [0, 0, 7.5, 0], "texture": "#0"},
				"west": {"uv": [0, 0, 5.25, 0], "texture": "#0"},
				"up": {"uv": [7.5, 5.25, 0, 0], "texture": "#0"},
				"down": {"uv": [7.5, 0, 0, 5.25], "texture": "#0"}
			}
		},
		{
			"from": [-1, 15, 6],
			"to": [17, 15, 8],
			"rotation": {"angle": -22.5, "axis": "x", "origin": [0, 0, 0]},
			"faces": {
				"north": {"uv": [0, 0, 4, 0], "texture": "#missing"},
				"east": {"uv": [0, 0, 0.5, 0], "texture": "#missing"},
				"south": {"uv": [0, 0, 4, 0], "texture": "#missing"},
				"west": {"uv": [0, 0, 0.5, 0], "texture": "#missing"},
				"up": {"uv": [1.75, 5, 5.75, 5.25], "texture": "#0"},
				"down": {"uv": [1.75, 5, 5.75, 5.25], "texture": "#0"}
			}
		},
		{
			"from": [3, 16, -2],
			"to": [13, 16, 0],
			"faces": {
				"north": {"uv": [0, 0, 2.5, 0], "texture": "#missing"},
				"east": {"uv": [0, 0, 0.5, 0], "texture": "#missing"},
				"south": {"uv": [0, 0, 2.5, 0], "texture": "#missing"},
				"west": {"uv": [0, 0, 0.5, 0], "texture": "#missing"},
				"up": {"uv": [2.5, 5, 5, 5.25], "texture": "#0"},
				"down": {"uv": [2.5, 5, 5, 5.25], "texture": "#0"}
			}
		}
	],
	"display": {
		"thirdperson_righthand": {
			"rotation": [70, 0, 0],
			"translation": [-6, 0, 18]
		},
		"thirdperson_lefthand": {
			"rotation": [70, 0, 0],
			"translation": [-6, 0, 18]
		},
		"firstperson_righthand": {
			"translation": [-9, 8.5, 5]
		},
		"firstperson_lefthand": {
			"translation": [-9, 8.5, 5]
		},
		"ground": {
			"scale": [0.5, 0.5, 0.5]
		},
		"gui": {
			"rotation": [25, 25, 0],
			"translation": [0, -1.5, 0],
			"scale": [0.6, 0.6, 0.6]
		},
		"fixed": {
			"scale": [0.6, 0.6, 0.3]
		}
	}
}