{
    "type": "minecraft:block",
    "pools": [
      {
        "rolls": 1,
        "entries": [
          {
            "type": "minecraft:item",
            "name": "minecraft:diamond_horse_armor",
            "functions": [
              {
                "function": "minecraft:set_components",
                "components": {
                  "minecraft:custom_name": "{\"text\":\"Arm of Rauru\",\"color\":\"#09e099\",\"italic\":false}",
                  "minecraft:enchantment_glint_override": true
                }
              }
            ]
          }
        ]
      }
    ],
    "random_sequence": "minecraft:blocks/spawner"
  }
  