{
    "type": "minecraft:chest",
    "pools": [
      {
        "rolls": {
          "type": "minecraft:uniform",
          "min": 3,
          "max": 8
        },
        "bonus_rolls": 0,
        "entries": [
          {
            "type": "minecraft:item",
            "name": "minecraft:blue_ice"
          },
          {
            "type": "minecraft:item",
            "weight": 4,
            "name": "minecraft:snow_block"
          },
          {
            "type": "minecraft:item",
            "weight": 10,
            "name": "minecraft:potato",
            "functions": [
              {
                "function": "minecraft:set_count",
                "count": {
                  "type": "minecraft:uniform",
                  "min": 1,
                  "max": 7
                },
                "add": false
              }
            ]
          },
          {
            "type": "minecraft:item",
            "weight": 10,
            "name": "minecraft:bread",
            "functions": [
              {
                "function": "minecraft:set_count",
                "count": {
                  "type": "minecraft:uniform",
                  "min": 1,
                  "max": 4
                },
                "add": false
              }
            ]
          },
          {
            "type": "minecraft:item",
            "weight": 10,
            "name": "minecraft:beetroot_seeds",
            "functions": [
              {
                "function": "minecraft:set_count",
                "count": {
                  "type": "minecraft:uniform",
                  "min": 1,
                  "max": 5
                },
                "add": false
              }
            ]
          },
          {
            "type": "minecraft:item",
            "name": "minecraft:beetroot_soup"
          },
          {
            "type": "minecraft:item",
            "name": "minecraft:furnace"
          },
          {
            "type": "minecraft:item",
            "name": "minecraft:emerald",
            "functions": [
              {
                "function": "minecraft:set_count",
                "count": {
                  "type": "minecraft:uniform",
                  "min": 1,
                  "max": 4
                },
                "add": false
              }
            ]
          },
          {
            "type": "minecraft:item",
            "weight": 10,
            "name": "minecraft:snowball",
            "functions": [
              {
                "function": "minecraft:set_count",
                "count": {
                  "type": "minecraft:uniform",
                  "min": 1,
                  "max": 7
                },
                "add": false
              }
            ]
          },
          {
            "type": "minecraft:item",
            "weight": 5,
            "name": "minecraft:coal",
            "functions": [
              {
                "function": "minecraft:set_count",
                "count": {
                  "type": "minecraft:uniform",
                  "min": 1,
                  "max": 4
                },
                "add": false
              }
            ]
          }
        ]
      },
      {
        "rolls": 1,
        "entries": [
          {
            "type": "minecraft:item",
            "name": "minecraft:leather_boots",
            "functions": [
              {
                "function": "minecraft:set_components",
                "components": {
                  "minecraft:trim": {
                    "material": "minecraft:copper",
                    "pattern": "minecraft:dune",
                    "show_in_tooltip": false
                  },
                  "minecraft:dyed_color": {
                    "rgb": 4475648,
                    "show_in_tooltip": false
                  },
                  "minecraft:custom_name": "{\"text\":\"Snowquill Boots\",\"italic\":false,\"color\":\"#09e099\"}",
                  "minecraft:lore": [
                    "[\"\",{\"text\":\"Keeps you warm in cold temperatures\",\"italic\":false,\"color\":\"aqua\"}]"
                  ]
                }
              }
            ]
          },
          {
            "type": "minecraft:item",
            "name": "minecraft:leather_chestplate",
            "functions": [
              {
                "function": "minecraft:set_components",
                "components": {
                  "minecraft:trim": {
                    "material": "minecraft:copper",
                    "pattern": "minecraft:silence",
                    "show_in_tooltip": false
                  },
                  "minecraft:dyed_color": {
                    "rgb": 16777195,
                    "show_in_tooltip": false
                  },
                  "minecraft:custom_name": "{\"text\":\"Snowquill Chestplate\",\"italic\":false,\"color\":\"#09e099\"}",
                  "minecraft:lore": [
                    "[\"\",{\"text\":\"Keeps you warm in cold temperatures\",\"italic\":false,\"color\":\"aqua\"}]"
                  ]
                }
              }
            ]
          },
          {
            "type": "minecraft:item",
            "name": "minecraft:leather_leggings",
            "functions": [
              {
                "function": "minecraft:set_components",
                "components": {
                  "minecraft:trim": {
                    "material": "minecraft:emerald",
                    "pattern": "minecraft:wayfinder",
                    "show_in_tooltip": false
                  },
                  "minecraft:dyed_color": {
                    "rgb": 16777195,
                    "show_in_tooltip": false
                  },
                  "minecraft:custom_name": "{\"text\":\"Snowquill Leggings\",\"italic\":false,\"color\":\"#09e099\"}",
                  "minecraft:lore": [
                    "[\"\",{\"text\":\"Keeps you warm in cold temperatures\",\"italic\":false,\"color\":\"aqua\"}]"
                  ]
                }
              }
            ]
          }
        ]
      }
    ],
    "random_sequence": "minecraft:chests/village/village_snowy_house"
  }
  