{
    "type": "minecraft:chest",
    "pools": [
      {
        "rolls": {
          "type": "minecraft:uniform",
          "min": 3,
          "max": 8
        },
        "bonus_rolls": 0,
        "entries": [
          {
            "type": "minecraft:item",
            "name": "minecraft:clay_ball"
          },
          {
            "type": "minecraft:item",
            "name": "minecraft:green_dye"
          },
          {
            "type": "minecraft:item",
            "weight": 10,
            "name": "minecraft:cactus",
            "functions": [
              {
                "function": "minecraft:set_count",
                "count": {
                  "type": "minecraft:uniform",
                  "min": 1,
                  "max": 4
                },
                "add": false
              }
            ]
          },
          {
            "type": "minecraft:item",
            "weight": 10,
            "name": "minecraft:wheat",
            "functions": [
              {
                "function": "minecraft:set_count",
                "count": {
                  "type": "minecraft:uniform",
                  "min": 1,
                  "max": 7
                },
                "add": false
              }
            ]
          },
          {
            "type": "minecraft:item",
            "weight": 10,
            "name": "minecraft:bread",
            "functions": [
              {
                "function": "minecraft:set_count",
                "count": {
                  "type": "minecraft:uniform",
                  "min": 1,
                  "max": 4
                },
                "add": false
              }
            ]
          },
          {
            "type": "minecraft:item",
            "name": "minecraft:book"
          },
          {
            "type": "minecraft:item",
            "weight": 2,
            "name": "minecraft:dead_bush",
            "functions": [
              {
                "function": "minecraft:set_count",
                "count": {
                  "type": "minecraft:uniform",
                  "min": 1,
                  "max": 3
                },
                "add": false
              }
            ]
          },
          {
            "type": "minecraft:item",
            "name": "minecraft:emerald",
            "functions": [
              {
                "function": "minecraft:set_count",
                "count": {
                  "type": "minecraft:uniform",
                  "min": 1,
                  "max": 3
                },
                "add": false
              }
            ]
          }
        ]
      },
      {
        "rolls": 1,
        "entries": [
          {
            "type": "minecraft:item",
            "name": "minecraft:leather_boots",
            "functions": [
              {
                "function": "minecraft:set_components",
                "components": {
                  "minecraft:trim": {
                    "material": "minecraft:emerald",
                    "pattern": "minecraft:host",
                    "show_in_tooltip": false
                  },
                  "minecraft:dyed_color": {
                    "rgb": 16701501,
                    "show_in_tooltip": false
                  },
                  "minecraft:custom_name": "{\"text\":\"Desert Shoes\",\"italic\":false,\"color\":\"#09e099\"}",
                  "minecraft:lore": [
                    "{\"text\":\"Keeps you cool in warm temperatures\",\"italic\":false,\"color\":\"gold\"}"
                  ]
                }
              }
            ]
          },
          {
            "type": "minecraft:item",
            "name": "minecraft:chainmail_helmet",
            "functions": [
              {
                "function": "minecraft:set_components",
                "components": {
                  "minecraft:trim": {
                    "material": "minecraft:emerald",
                    "pattern": "minecraft:ward",
                    "show_in_tooltip": false
                  },
                  "minecraft:custom_name": "{\"text\":\"Desert Headband\",\"italic\":false,\"color\":\"#09e099\"}",
                  "minecraft:lore": [
                    "{\"text\":\"Keeps you cool in warm temperatures\",\"italic\":false,\"color\":\"gold\"}"
                  ]
                }
              }
            ]
          },
          {
            "type": "minecraft:item",
            "name": "minecraft:leather_leggings",
            "functions": [
              {
                "function": "minecraft:set_components",
                "components": {
                  "minecraft:trim": {
                    "material": "minecraft:redstone",
                    "pattern": "minecraft:silence",
                    "show_in_tooltip": false
                  },
                  "minecraft:dyed_color": {
                    "rgb": 16701501,
                    "show_in_tooltip": false
                  },
                  "minecraft:custom_name": "{\"text\":\"Desert Leggings\",\"italic\":false,\"color\":\"#09e099\"}",
                  "minecraft:lore": [
                    "{\"text\":\"Keeps you cool in warm temperatures\",\"italic\":false,\"color\":\"gold\"}"
                  ]
                }
              }
            ]
          }
        ]
      }
    ],
    "random_sequence": "minecraft:chests/village/village_desert_house"
  }
  