{
  "type": "minecraft:jigsaw",
  "biomes": "totk:skyisland",
  "step": "surface_structures",
  "spawn_overrides": {
    "misc": {
      "bounding_box": "full",
      "spawns": [
        {
          "type": "minecraft:cod",
          "weight": 1,
          "minCount": 4,
          "maxCount": 8
        }
      ]
    }
  },
  "terrain_adaptation": "beard_thin",
  "start_pool": "totk:skyfountain",
  "size": 1,
  "start_height": {
    "type": "minecraft:uniform",
    "min_inclusive": {
      "absolute": 112
    },
    "max_inclusive": {
      "absolute": 128
    }
  },
  "project_start_to_heightmap": "WORLD_SURFACE_WG",
  "max_distance_from_center": 80,
  "use_expansion_hack": false
}
