{
    "type": "minecraft:chest",
    "pools": [
      {
        "rolls": {
          "type": "minecraft:uniform",
          "min": 4,
          "max": 8
        },
        "bonus_rolls": 0,
        "entries": [
          {
            "type": "minecraft:item",
            "weight": 40,
            "name": "minecraft:obsidian",
            "functions": [
              {
                "function": "minecraft:set_count",
                "count": {
                  "type": "minecraft:uniform",
                  "min": 1,
                  "max": 2
                },
                "add": false
              }
            ]
          },
          {
            "type": "minecraft:item",
            "weight": 40,
            "name": "minecraft:flint",
            "functions": [
              {
                "function": "minecraft:set_count",
                "count": {
                  "type": "minecraft:uniform",
                  "min": 1,
                  "max": 4
                },
                "add": false
              }
            ]
          },
          {
            "type": "minecraft:item",
            "weight": 40,
            "name": "minecraft:iron_nugget",
            "functions": [
              {
                "function": "minecraft:set_count",
                "count": {
                  "type": "minecraft:uniform",
                  "min": 9,
                  "max": 18
                },
                "add": false
              }
            ]
          },
          {
            "type": "minecraft:item",
            "weight": 40,
            "name": "minecraft:flint_and_steel"
          },
          {
            "type": "minecraft:item",
            "weight": 40,
            "name": "minecraft:fire_charge"
          },
          {
            "type": "minecraft:item",
            "weight": 15,
            "name": "minecraft:golden_apple"
          },
          {
            "type": "minecraft:item",
            "weight": 15,
            "name": "minecraft:gold_nugget",
            "functions": [
              {
                "function": "minecraft:set_count",
                "count": {
                  "type": "minecraft:uniform",
                  "min": 4,
                  "max": 24
                },
                "add": false
              }
            ]
          },
          {
            "type": "minecraft:item",
            "weight": 15,
            "name": "minecraft:golden_sword",
            "functions": [
              {
                "function": "minecraft:enchant_randomly"
              }
            ]
          },
          {
            "type": "minecraft:item",
            "weight": 15,
            "name": "minecraft:golden_axe",
            "functions": [
              {
                "function": "minecraft:enchant_randomly"
              }
            ]
          },
          {
            "type": "minecraft:item",
            "weight": 15,
            "name": "minecraft:golden_hoe",
            "functions": [
              {
                "function": "minecraft:enchant_randomly"
              }
            ]
          },
          {
            "type": "minecraft:item",
            "weight": 15,
            "name": "minecraft:golden_shovel",
            "functions": [
              {
                "function": "minecraft:enchant_randomly"
              }
            ]
          },
          {
            "type": "minecraft:item",
            "weight": 15,
            "name": "minecraft:golden_pickaxe",
            "functions": [
              {
                "function": "minecraft:enchant_randomly"
              }
            ]
          },
          {
            "type": "minecraft:item",
            "weight": 15,
            "name": "minecraft:golden_boots",
            "functions": [
              {
                "function": "minecraft:enchant_randomly"
              }
            ]
          },
          {
            "type": "minecraft:item",
            "weight": 15,
            "name": "minecraft:golden_chestplate",
            "functions": [
              {
                "function": "minecraft:enchant_randomly"
              }
            ]
          },
          {
            "type": "minecraft:item",
            "weight": 15,
            "name": "minecraft:golden_helmet",
            "functions": [
              {
                "function": "minecraft:enchant_randomly"
              }
            ]
          },
          {
            "type": "minecraft:item",
            "weight": 15,
            "name": "minecraft:golden_leggings",
            "functions": [
              {
                "function": "minecraft:enchant_randomly"
              }
            ]
          },
          {
            "type": "minecraft:item",
            "weight": 5,
            "name": "minecraft:glistering_melon_slice",
            "functions": [
              {
                "function": "minecraft:set_count",
                "count": {
                  "type": "minecraft:uniform",
                  "min": 4,
                  "max": 12
                },
                "add": false
              }
            ]
          },
          {
            "type": "minecraft:item",
            "weight": 5,
            "name": "minecraft:golden_horse_armor"
          },
          {
            "type": "minecraft:item",
            "weight": 5,
            "name": "minecraft:light_weighted_pressure_plate"
          },
          {
            "type": "minecraft:item",
            "weight": 5,
            "name": "minecraft:golden_carrot",
            "functions": [
              {
                "function": "minecraft:set_count",
                "count": {
                  "type": "minecraft:uniform",
                  "min": 4,
                  "max": 12
                },
                "add": false
              }
            ]
          },
          {
            "type": "minecraft:item",
            "weight": 5,
            "name": "minecraft:clock"
          },
          {
            "type": "minecraft:item",
            "weight": 5,
            "name": "minecraft:gold_ingot",
            "functions": [
              {
                "function": "minecraft:set_count",
                "count": {
                  "type": "minecraft:uniform",
                  "min": 2,
                  "max": 8
                },
                "add": false
              }
            ]
          },
          {
            "type": "minecraft:item",
            "name": "minecraft:bell"
          },
          {
            "type": "minecraft:item",
            "name": "minecraft:enchanted_golden_apple"
          },
          {
            "type": "minecraft:item",
            "name": "minecraft:gold_block",
            "functions": [
              {
                "function": "minecraft:set_count",
                "count": {
                  "type": "minecraft:uniform",
                  "min": 1,
                  "max": 2
                },
                "add": false
              }
            ]
          }
        ]
      },
      {
        "rolls": 1,
        "entries": [
          {
            "type": "minecraft:item",
            "name": "minecraft:iron_boots",
            "functions": [
              {
                "function": "minecraft:set_components",
                "components": {
                  "minecraft:trim": {
                    "material": "minecraft:netherite",
                    "pattern": "minecraft:snout",
                    "show_in_tooltip": false
                  },
                  "minecraft:custom_name": "{\"text\":\"Flamebreaker Boots\",\"italic\":false,\"color\":\"#09e099\"}",
                  "minecraft:lore": [
                    "[\"\",{\"text\":\"Keeps you from burning\",\"italic\":false,\"color\":\"gold\"}]"
                  ]
                }
              }
            ]
          },
          {
            "type": "minecraft:item",
            "name": "minecraft:iron_leggings",
            "functions": [
              {
                "function": "minecraft:set_components",
                "components": {
                  "minecraft:trim": {
                    "material": "minecraft:netherite",
                    "pattern": "minecraft:silence",
                    "show_in_tooltip": false
                  },
                  "minecraft:custom_name": "{\"text\":\"Flamebreaker Leggings\",\"italic\":false,\"color\":\"#09e099\"}",
                  "minecraft:lore": [
                    "[\"\",{\"text\":\"Keeps you from burning\",\"italic\":false,\"color\":\"gold\"}]"
                  ]
                }
              }
            ]
          },
          {
            "type": "minecraft:item",
            "name": "minecraft:iron_chestplate",
            "functions": [
              {
                "function": "minecraft:set_components",
                "components": {
                  "minecraft:trim": {
                    "material": "minecraft:netherite",
                    "pattern": "minecraft:silence",
                    "show_in_tooltip": false
                  },
                  "minecraft:custom_name": "{\"text\":\"Flamebreaker Chestplate\",\"italic\":false,\"color\":\"#09e099\"}",
                  "minecraft:lore": [
                    "[\"\",{\"text\":\"Keeps you from burning\",\"italic\":false,\"color\":\"gold\"}]"
                  ]
                }
              }
            ]
          },
          {
            "type": "minecraft:item",
            "name": "minecraft:iron_helmet",
            "functions": [
              {
                "function": "minecraft:set_components",
                "components": {
                  "minecraft:trim": {
                    "material": "minecraft:netherite",
                    "pattern": "minecraft:silence",
                    "show_in_tooltip": false
                  },
                  "minecraft:custom_name": "{\"text\":\"Flamebreaker Helmet\",\"italic\":false,\"color\":\"#09e099\"}",
                  "minecraft:lore": [
                    "[\"\",{\"text\":\"Keeps you from burning\",\"italic\":false,\"color\":\"gold\"}]"
                  ]
                }
              }
            ]
          }
        ]
      }
    ],
    "random_sequence": "minecraft:chests/ruined_portal"
  }
  